{
  "project_info": {
    "project_number": "564640991346",
    "firebase_url": "https://mengolilam2.firebaseio.com",
    "project_id": "mengolilam2",
    "storage_bucket": "mengolilam2.appspot.com"
  },
  "client": [
    {
      "client_info": {
        "mobilesdk_app_id": "1:564640991346:android:78c99ea4e22b826d75daeb",
        "android_client_info": {
          "package_name": "com.example.mengolilam_2"
        }
      },
      "oauth_client": [
        {
          "client_id": "564640991346-k5cqkncdi60pqp8rbf4kuc2l2r70bcr1.apps.googleusercontent.com",
          "client_type": 1,
          "android_info": {
            "package_name": "com.example.mengolilam_2",
            "certificate_hash": "5bf9210992da4df21c47447da9377ca9594faf3d"
          }
        },
        {
          "client_id": "564640991346-vk4f0raqth93pm49ajt5ehlbvurefpae.apps.googleusercontent.com",
          "client_type": 3
        }
      ],
      "api_key": [
        {
          "current_key": "AIzaSyCV7FRnGFem_LuK6d-m2HXaIbz0pir6Xao"
        }
      ],
      "services": {
        "appinvite_service": {
          "other_platform_oauth_client": [
            {
              "client_id": "564640991346-vk4f0raqth93pm49ajt5ehlbvurefpae.apps.googleusercontent.com",
              "client_type": 3
            }
          ]
        }
      }
    }
  ],
  "configuration_version": "1"
}